{"cameraMode":{"drawMode":0,"name":"Shaded","section":"Shading Mode"},"sceneLighting":true,"audioPlay":false,"sceneViewState":{"showFog":true,"showMaterialUpdate":true,"showSkybox":true,"showFlares":true,"showImageEffects":true,"showParticleSystems":true},"in2DMode":false,"pivot":{"x":-3.9093120098114015,"y":40.81324005126953,"z":-11.781603813171387},"rotation":{"x":-0.6274380087852478,"y":0.009115475229918957,"z":-0.007346027065068483,"w":-0.7785785794258118},"size":22.0,"orthographic":false}