{"cameraMode":{"drawMode":0,"name":"Shaded","section":"Shading Mode"},"sceneLighting":true,"audioPlay":false,"sceneViewState":{"m_AlwaysRefresh":false,"showFog":true,"showSkybox":true,"showFlares":true,"showImageEffects":true,"showParticleSystems":true,"showVisualEffectGraphs":true,"m_FxEnabled":true},"in2DMode":false,"pivot":{"x":-2.595769166946411,"y":-16.798738479614259,"z":6.4508256912231449},"rotation":{"x":-0.3998185694217682,"y":0.0000858613129821606,"z":-0.00004584967973642051,"w":-0.9166156649589539},"size":31.377206802368165,"orthographic":false}