{"cameraMode":{"drawMode":0,"name":"Shaded","section":"Shading Mode"},"sceneLighting":true,"audioPlay":false,"sceneViewState":{"showFog":true,"showMaterialUpdate":true,"showSkybox":true,"showFlares":true,"showImageEffects":true,"showParticleSystems":true},"in2DMode":false,"pivot":{"x":-4.003981113433838,"y":-2.254013776779175,"z":-3.639768600463867},"rotation":{"x":0.28247112035751345,"y":-0.37057092785835268,"z":-0.11939458549022675,"w":-0.8767167925834656},"size":3.4013943672180177,"orthographic":false}