{"cameraMode":{"drawMode":0,"name":"Shaded","section":"Shading Mode"},"sceneLighting":false,"audioPlay":false,"sceneViewState":{"showFog":true,"showMaterialUpdate":true,"showSkybox":true,"showFlares":true,"showImageEffects":true,"showParticleSystems":true},"in2DMode":false,"pivot":{"x":-3.1839842796325685,"y":-2.939035415649414,"z":-4.1380510330200199},"rotation":{"x":0.16619569063186646,"y":-0.5125799775123596,"z":-0.10187316685914993,"w":-0.8362192511558533},"size":22.31033706665039,"orthographic":false}